"image_name","image_fullpath","image_relpath","image_relpath_slash"
"27-06-2011 10-52-50.png","C:\Ispol\util\Ayuda\Imagenes\27-06-2011 10-52-50.png","Imagenes\27-06-2011 10-52-50.png","Imagenes/27-06-2011 10-52-50.png"
"acceso_dibujo_bordes_activos.png","C:\Ispol\util\Ayuda\Imagenes\acceso_dibujo_bordes_activos.png","Imagenes\acceso_dibujo_bordes_activos.png","Imagenes/acceso_dibujo_bordes_activos.png"
"ali_ejem1.png","C:\Ispol\util\Ayuda\Imagenes\ali_ejem1.png","Imagenes\ali_ejem1.png","Imagenes/ali_ejem1.png"
"ali_ejem2.png","C:\Ispol\util\Ayuda\Imagenes\ali_ejem2.png","Imagenes\ali_ejem2.png","Imagenes/ali_ejem2.png"
"alzado_triang_exp_sup_cuadro.png","C:\Ispol\util\Ayuda\Imagenes\alzado_triang_exp_sup_cuadro.png","Imagenes\alzado_triang_exp_sup_cuadro.png","Imagenes/alzado_triang_exp_sup_cuadro.png"
"alzado_triang_exp_sup_eje_act.png","C:\Ispol\util\Ayuda\Imagenes\alzado_triang_exp_sup_eje_act.png","Imagenes\alzado_triang_exp_sup_eje_act.png","Imagenes/alzado_triang_exp_sup_eje_act.png"
"anade_ramal_mismo_eje.png","C:\Ispol\util\Ayuda\Imagenes\anade_ramal_mismo_eje.png","Imagenes\anade_ramal_mismo_eje.png","Imagenes/anade_ramal_mismo_eje.png"
"aparato_dilatacion_planta.png","C:\Ispol\util\Ayuda\Imagenes\aparato_dilatacion_planta.png","Imagenes\aparato_dilatacion_planta.png","Imagenes/aparato_dilatacion_planta.png"
"barrera_doble.png","C:\Ispol\util\Ayuda\Imagenes\barrera_doble.png","Imagenes\barrera_doble.png","Imagenes/barrera_doble.png"
"base_paral_cdf.png","C:\Ispol\util\Ayuda\Imagenes\base_paral_cdf.png","Imagenes\base_paral_cdf.png","Imagenes/base_paral_cdf.png"
"berma_cuneta.png","C:\Ispol\util\Ayuda\Imagenes\berma_cuneta.png","Imagenes\berma_cuneta.png","Imagenes/berma_cuneta.png"
"bim03.png","C:\Ispol\util\Ayuda\Imagenes\bim03.png","Imagenes\bim03.png","Imagenes/bim03.png"
"bim_act_desact.png","C:\Ispol\util\Ayuda\Imagenes\bim_act_desact.png","Imagenes\bim_act_desact.png","Imagenes/bim_act_desact.png"
"BIM_atributos_acum.png","C:\Ispol\util\Ayuda\Imagenes\BIM_atributos_acum.png","Imagenes\BIM_atributos_acum.png","Imagenes/BIM_atributos_acum.png"
"bim_atributos_general.png","C:\Ispol\util\Ayuda\Imagenes\bim_atributos_general.png","Imagenes\bim_atributos_general.png","Imagenes/bim_atributos_general.png"
"bim_cargar_b1m.png","C:\Ispol\util\Ayuda\Imagenes\bim_cargar_b1m.png","Imagenes\bim_cargar_b1m.png","Imagenes/bim_cargar_b1m.png"
"bim_config_clases.png","C:\Ispol\util\Ayuda\Imagenes\bim_config_clases.png","Imagenes\bim_config_clases.png","Imagenes/bim_config_clases.png"
"bim_editar_diccionario.png","C:\Ispol\util\Ayuda\Imagenes\bim_editar_diccionario.png","Imagenes\bim_editar_diccionario.png","Imagenes/bim_editar_diccionario.png"
"bim_filtros_clas.png","C:\Ispol\util\Ayuda\Imagenes\bim_filtros_clas.png","Imagenes\bim_filtros_clas.png","Imagenes/bim_filtros_clas.png"
"bim_import_csv.png","C:\Ispol\util\Ayuda\Imagenes\bim_import_csv.png","Imagenes\bim_import_csv.png","Imagenes/bim_import_csv.png"
"bim_origen_atr_istram.png","C:\Ispol\util\Ayuda\Imagenes\bim_origen_atr_istram.png","Imagenes\bim_origen_atr_istram.png","Imagenes/bim_origen_atr_istram.png"
"BIM_tab_importado_csv.png","C:\Ispol\util\Ayuda\Imagenes\BIM_tab_importado_csv.png","Imagenes\BIM_tab_importado_csv.png","Imagenes/BIM_tab_importado_csv.png"
"borrar_elementos_edm.png","C:\Ispol\util\Ayuda\Imagenes\borrar_elementos_edm.png","Imagenes\borrar_elementos_edm.png","Imagenes/borrar_elementos_edm.png"
"Botón Compensación manual.png","C:\Ispol\util\Ayuda\Imagenes\Botón Compensación manual.png","Imagenes\Botón Compensación manual.png","Imagenes/Botón Compensación manual.png"
"bulones_alambrico.png","C:\Ispol\util\Ayuda\Imagenes\bulones_alambrico.png","Imagenes\bulones_alambrico.png","Imagenes/bulones_alambrico.png"
"cambiar_tipo_malla.png","C:\Ispol\util\Ayuda\Imagenes\cambiar_tipo_malla.png","Imagenes\cambiar_tipo_malla.png","Imagenes/cambiar_tipo_malla.png"
"capa_forma_paralela.png","C:\Ispol\util\Ayuda\Imagenes\capa_forma_paralela.png","Imagenes\capa_forma_paralela.png","Imagenes/capa_forma_paralela.png"
"CARRILES_LT_LIL_BLANCO.png","C:\Ispol\util\Ayuda\Imagenes\CARRILES_LT_LIL_BLANCO.png","Imagenes\CARRILES_LT_LIL_BLANCO.png","Imagenes/CARRILES_LT_LIL_BLANCO.png"
"CARRILES_LT_LIL_NEGRO.png","C:\Ispol\util\Ayuda\Imagenes\CARRILES_LT_LIL_NEGRO.png","Imagenes\CARRILES_LT_LIL_NEGRO.png","Imagenes/CARRILES_LT_LIL_NEGRO.png"
"Catalogo_longitudinal_colores_2.png","C:\Ispol\util\Ayuda\Imagenes\Catalogo_longitudinal_colores_2.png","Imagenes\Catalogo_longitudinal_colores_2.png","Imagenes/Catalogo_longitudinal_colores_2.png"
"Catalogo_transversal_FCC_ITA.png","C:\Ispol\util\Ayuda\Imagenes\Catalogo_transversal_FCC_ITA.png","Imagenes\Catalogo_transversal_FCC_ITA.png","Imagenes/Catalogo_transversal_FCC_ITA.png"
"Catalogo_transversal_ISP11F.png","C:\Ispol\util\Ayuda\Imagenes\Catalogo_transversal_ISP11F.png","Imagenes\Catalogo_transversal_ISP11F.png","Imagenes/Catalogo_transversal_ISP11F.png"
"Catalogo_transversal_ISPOL.png","C:\Ispol\util\Ayuda\Imagenes\Catalogo_transversal_ISPOL.png","Imagenes\Catalogo_transversal_ISPOL.png","Imagenes/Catalogo_transversal_ISPOL.png"
"chequear_punto_topo.png","C:\Ispol\util\Ayuda\Imagenes\chequear_punto_topo.png","Imagenes\chequear_punto_topo.png","Imagenes/chequear_punto_topo.png"
"compensaciones utm.png","C:\Ispol\util\Ayuda\Imagenes\compensaciones utm.png","Imagenes\compensaciones utm.png","Imagenes/compensaciones utm.png"
"configuracion_V.png","C:\Ispol\util\Ayuda\Imagenes\configuracion_V.png","Imagenes\configuracion_V.png","Imagenes/configuracion_V.png"
"cono_derrame_solo_cono.png","C:\Ispol\util\Ayuda\Imagenes\cono_derrame_solo_cono.png","Imagenes\cono_derrame_solo_cono.png","Imagenes/cono_derrame_solo_cono.png"
"conversion_tipo_linea.png","C:\Ispol\util\Ayuda\Imagenes\conversion_tipo_linea.png","Imagenes\conversion_tipo_linea.png","Imagenes/conversion_tipo_linea.png"
"convertir_puntos_top.png","C:\Ispol\util\Ayuda\Imagenes\convertir_puntos_top.png","Imagenes\convertir_puntos_top.png","Imagenes/convertir_puntos_top.png"
"cotas_Google.png","C:\Ispol\util\Ayuda\Imagenes\cotas_Google.png","Imagenes\cotas_Google.png","Imagenes/cotas_Google.png"
"cotas_puntos_topo.png","C:\Ispol\util\Ayuda\Imagenes\cotas_puntos_topo.png","Imagenes\cotas_puntos_topo.png","Imagenes/cotas_puntos_topo.png"
"cota_eliminar_interpolar.png","C:\Ispol\util\Ayuda\Imagenes\cota_eliminar_interpolar.png","Imagenes\cota_eliminar_interpolar.png","Imagenes/cota_eliminar_interpolar.png"
"cuadro_blanco.png","C:\Ispol\util\Ayuda\Imagenes\cuadro_blanco.png","Imagenes\cuadro_blanco.png","Imagenes/cuadro_blanco.png"
"datos_cono_derrame.png","C:\Ispol\util\Ayuda\Imagenes\datos_cono_derrame.png","Imagenes\datos_cono_derrame.png","Imagenes/datos_cono_derrame.png"
"datos_laser_isolineas.png","C:\Ispol\util\Ayuda\Imagenes\datos_laser_isolineas.png","Imagenes\datos_laser_isolineas.png","Imagenes/datos_laser_isolineas.png"
"Definir_barreno_desde_línea_cartográfica.png","C:\Ispol\util\Ayuda\Imagenes\Definir_barreno_desde_línea_cartográfica.png","Imagenes\Definir_barreno_desde_línea_cartográfica.png","Imagenes/Definir_barreno_desde_línea_cartográfica.png"
"Descompensar.png","C:\Ispol\util\Ayuda\Imagenes\Descompensar.png","Imagenes\Descompensar.png","Imagenes/Descompensar.png"
"dialogo_añadir1LFR.png","C:\Ispol\util\Ayuda\Imagenes\dialogo_añadir1LFR.png","Imagenes\dialogo_añadir1LFR.png","Imagenes/dialogo_añadir1LFR.png"
"dialogo_control_ttps.png","C:\Ispol\util\Ayuda\Imagenes\dialogo_control_ttps.png","Imagenes\dialogo_control_ttps.png","Imagenes/dialogo_control_ttps.png"
"dialogo_cruces_tipos_valor_abs.png","C:\Ispol\util\Ayuda\Imagenes\dialogo_cruces_tipos_valor_abs.png","Imagenes\dialogo_cruces_tipos_valor_abs.png","Imagenes/dialogo_cruces_tipos_valor_abs.png"
"dialogo_desmonte_roca.png","C:\Ispol\util\Ayuda\Imagenes\dialogo_desmonte_roca.png","Imagenes\dialogo_desmonte_roca.png","Imagenes/dialogo_desmonte_roca.png"
"dialogo_firmes_ejemplo.png","C:\Ispol\util\Ayuda\Imagenes\dialogo_firmes_ejemplo.png","Imagenes\dialogo_firmes_ejemplo.png","Imagenes/dialogo_firmes_ejemplo.png"
"dialogo_imagen_ttp.png","C:\Ispol\util\Ayuda\Imagenes\dialogo_imagen_ttp.png","Imagenes\dialogo_imagen_ttp.png","Imagenes/dialogo_imagen_ttp.png"
"dialogo_impresion_modo.png","C:\Ispol\util\Ayuda\Imagenes\dialogo_impresion_modo.png","Imagenes\dialogo_impresion_modo.png","Imagenes/dialogo_impresion_modo.png"
"dialogo_listados_exportacion_trimble.png","C:\Ispol\util\Ayuda\Imagenes\dialogo_listados_exportacion_trimble.png","Imagenes\dialogo_listados_exportacion_trimble.png","Imagenes/dialogo_listados_exportacion_trimble.png"
"dialogo_mediana_por_linea.png","C:\Ispol\util\Ayuda\Imagenes\dialogo_mediana_por_linea.png","Imagenes\dialogo_mediana_por_linea.png","Imagenes/dialogo_mediana_por_linea.png"
"dialogo_rotulacion_pk_usuario.png","C:\Ispol\util\Ayuda\Imagenes\dialogo_rotulacion_pk_usuario.png","Imagenes\dialogo_rotulacion_pk_usuario.png","Imagenes/dialogo_rotulacion_pk_usuario.png"
"dialogo_topo_util_chequear.png","C:\Ispol\util\Ayuda\Imagenes\dialogo_topo_util_chequear.png","Imagenes\dialogo_topo_util_chequear.png","Imagenes/dialogo_topo_util_chequear.png"
"dialogo_triangular_superficie3.png","C:\Ispol\util\Ayuda\Imagenes\dialogo_triangular_superficie3.png","Imagenes\dialogo_triangular_superficie3.png","Imagenes/dialogo_triangular_superficie3.png"
"dialogo_triang_filtrar.png","C:\Ispol\util\Ayuda\Imagenes\dialogo_triang_filtrar.png","Imagenes\dialogo_triang_filtrar.png","Imagenes/dialogo_triang_filtrar.png"
"dialogo_visibilidad_posicionar_1c.png","C:\Ispol\util\Ayuda\Imagenes\dialogo_visibilidad_posicionar_1c.png","Imagenes\dialogo_visibilidad_posicionar_1c.png","Imagenes/dialogo_visibilidad_posicionar_1c.png"
"dmin.ref.png","C:\Ispol\util\Ayuda\Imagenes\dmin.ref.png","Imagenes\dmin.ref.png","Imagenes/dmin.ref.png"
"edic_num_simbolos.png","C:\Ispol\util\Ayuda\Imagenes\edic_num_simbolos.png","Imagenes\edic_num_simbolos.png","Imagenes/edic_num_simbolos.png"
"editar_ali_apv.png","C:\Ispol\util\Ayuda\Imagenes\editar_ali_apv.png","Imagenes\editar_ali_apv.png","Imagenes/editar_ali_apv.png"
"editar_ali_tabla_alineaciones.png","C:\Ispol\util\Ayuda\Imagenes\editar_ali_tabla_alineaciones.png","Imagenes\editar_ali_tabla_alineaciones.png","Imagenes/editar_ali_tabla_alineaciones.png"
"editar_ali_tabla_alineaciones_datos.png","C:\Ispol\util\Ayuda\Imagenes\editar_ali_tabla_alineaciones_datos.png","Imagenes\editar_ali_tabla_alineaciones_datos.png","Imagenes/editar_ali_tabla_alineaciones_datos.png"
"edit_tablero_base_plana.png","C:\Ispol\util\Ayuda\Imagenes\edit_tablero_base_plana.png","Imagenes\edit_tablero_base_plana.png","Imagenes/edit_tablero_base_plana.png"
"ejemplo_listado_perf.png","C:\Ispol\util\Ayuda\Imagenes\ejemplo_listado_perf.png","Imagenes\ejemplo_listado_perf.png","Imagenes/ejemplo_listado_perf.png"
"eng_vect_expla..png","C:\Ispol\util\Ayuda\Imagenes\eng_vect_expla..png","Imagenes\eng_vect_expla..png","Imagenes/eng_vect_expla..png"
"ento_glorieta_ajustar_rasante.png","C:\Ispol\util\Ayuda\Imagenes\ento_glorieta_ajustar_rasante.png","Imagenes\ento_glorieta_ajustar_rasante.png","Imagenes/ento_glorieta_ajustar_rasante.png"
"estribos_mediana.png","C:\Ispol\util\Ayuda\Imagenes\estribos_mediana.png","Imagenes\estribos_mediana.png","Imagenes/estribos_mediana.png"
"estructura_doble_via_editar.png","C:\Ispol\util\Ayuda\Imagenes\estructura_doble_via_editar.png","Imagenes\estructura_doble_via_editar.png","Imagenes/estructura_doble_via_editar.png"
"estructura_PS_LP.png","C:\Ispol\util\Ayuda\Imagenes\estructura_PS_LP.png","Imagenes\estructura_PS_LP.png","Imagenes/estructura_PS_LP.png"
"estruct_esviada_3d_estribo.png","C:\Ispol\util\Ayuda\Imagenes\estruct_esviada_3d_estribo.png","Imagenes\estruct_esviada_3d_estribo.png","Imagenes/estruct_esviada_3d_estribo.png"
"estruct_esviada_estruct_id.png","C:\Ispol\util\Ayuda\Imagenes\estruct_esviada_estruct_id.png","Imagenes\estruct_esviada_estruct_id.png","Imagenes/estruct_esviada_estruct_id.png"
"estruct_esviada_mediana_zc.png","C:\Ispol\util\Ayuda\Imagenes\estruct_esviada_mediana_zc.png","Imagenes\estruct_esviada_mediana_zc.png","Imagenes/estruct_esviada_mediana_zc.png"
"expla_interior.png","C:\Ispol\util\Ayuda\Imagenes\expla_interior.png","Imagenes\expla_interior.png","Imagenes/expla_interior.png"
"expla_opc_por_perfies.png","C:\Ispol\util\Ayuda\Imagenes\expla_opc_por_perfies.png","Imagenes\expla_opc_por_perfies.png","Imagenes/expla_opc_por_perfies.png"
"exp_vector_desm.png","C:\Ispol\util\Ayuda\Imagenes\exp_vector_desm.png","Imagenes\exp_vector_desm.png","Imagenes/exp_vector_desm.png"
"exp_vec_terr.png","C:\Ispol\util\Ayuda\Imagenes\exp_vec_terr.png","Imagenes\exp_vec_terr.png","Imagenes/exp_vec_terr.png"
"EyM_cuna_regul_dialog.png","C:\Ispol\util\Ayuda\Imagenes\EyM_cuna_regul_dialog.png","Imagenes\EyM_cuna_regul_dialog.png","Imagenes/EyM_cuna_regul_dialog.png"
"EyM_escar.png","C:\Ispol\util\Ayuda\Imagenes\EyM_escar.png","Imagenes\EyM_escar.png","Imagenes/EyM_escar.png"
"EyM_esc_continuidad.png","C:\Ispol\util\Ayuda\Imagenes\EyM_esc_continuidad.png","Imagenes\EyM_esc_continuidad.png","Imagenes/EyM_esc_continuidad.png"
"EyM_min_esp_capa_firmes_tramif.png","C:\Ispol\util\Ayuda\Imagenes\EyM_min_esp_capa_firmes_tramif.png","Imagenes\EyM_min_esp_capa_firmes_tramif.png","Imagenes/EyM_min_esp_capa_firmes_tramif.png"
"EyM_solo_cod_2.png","C:\Ispol\util\Ayuda\Imagenes\EyM_solo_cod_2.png","Imagenes\EyM_solo_cod_2.png","Imagenes/EyM_solo_cod_2.png"
"EyM_SS.png","C:\Ispol\util\Ayuda\Imagenes\EyM_SS.png","Imagenes\EyM_SS.png","Imagenes/EyM_SS.png"
"firmes_referencias.png","C:\Ispol\util\Ayuda\Imagenes\firmes_referencias.png","Imagenes\firmes_referencias.png","Imagenes/firmes_referencias.png"
"flecha_abajo.png","C:\Ispol\util\Ayuda\Imagenes\flecha_abajo.png","Imagenes\flecha_abajo.png","Imagenes/flecha_abajo.png"
"guardar_ttp_recintos.png","C:\Ispol\util\Ayuda\Imagenes\guardar_ttp_recintos.png","Imagenes\guardar_ttp_recintos.png","Imagenes/guardar_ttp_recintos.png"
"gut_opciones_desbr.png","C:\Ispol\util\Ayuda\Imagenes\gut_opciones_desbr.png","Imagenes\gut_opciones_desbr.png","Imagenes/gut_opciones_desbr.png"
"gut_opciones_distancias.png","C:\Ispol\util\Ayuda\Imagenes\gut_opciones_distancias.png","Imagenes\gut_opciones_distancias.png","Imagenes/gut_opciones_distancias.png"
"gut_opciones_multiplos.png","C:\Ispol\util\Ayuda\Imagenes\gut_opciones_multiplos.png","Imagenes\gut_opciones_multiplos.png","Imagenes/gut_opciones_multiplos.png"
"icono base datos completa.png","C:\Ispol\util\Ayuda\Imagenes\icono base datos completa.png","Imagenes\icono base datos completa.png","Imagenes/icono base datos completa.png"
"icono crs.png","C:\Ispol\util\Ayuda\Imagenes\icono crs.png","Imagenes\icono crs.png","Imagenes/icono crs.png"
"icono destacar mas.png","C:\Ispol\util\Ayuda\Imagenes\icono destacar mas.png","Imagenes\icono destacar mas.png","Imagenes/icono destacar mas.png"
"icono favoritos.png","C:\Ispol\util\Ayuda\Imagenes\icono favoritos.png","Imagenes\icono favoritos.png","Imagenes/icono favoritos.png"
"icono_aña_colum_atributos.png","C:\Ispol\util\Ayuda\Imagenes\icono_aña_colum_atributos.png","Imagenes\icono_aña_colum_atributos.png","Imagenes/icono_aña_colum_atributos.png"
"icono_aña_propiedad.png","C:\Ispol\util\Ayuda\Imagenes\icono_aña_propiedad.png","Imagenes\icono_aña_propiedad.png","Imagenes/icono_aña_propiedad.png"
"icono_aña_propiedad_tabla.png","C:\Ispol\util\Ayuda\Imagenes\icono_aña_propiedad_tabla.png","Imagenes\icono_aña_propiedad_tabla.png","Imagenes/icono_aña_propiedad_tabla.png"
"icono_bim_añadir_pset.png","C:\Ispol\util\Ayuda\Imagenes\icono_bim_añadir_pset.png","Imagenes\icono_bim_añadir_pset.png","Imagenes/icono_bim_añadir_pset.png"
"icono_bim_insertar PSET.png","C:\Ispol\util\Ayuda\Imagenes\icono_bim_insertar PSET.png","Imagenes\icono_bim_insertar PSET.png","Imagenes/icono_bim_insertar PSET.png"
"icono_toolBarLineas_borrarLongit.png","C:\Ispol\util\Ayuda\Imagenes\icono_toolBarLineas_borrarLongit.png","Imagenes\icono_toolBarLineas_borrarLongit.png","Imagenes/icono_toolBarLineas_borrarLongit.png"
"icono_toolBarLineas_filtrar.png","C:\Ispol\util\Ayuda\Imagenes\icono_toolBarLineas_filtrar.png","Imagenes\icono_toolBarLineas_filtrar.png","Imagenes/icono_toolBarLineas_filtrar.png"
"imagen_degradado_ttp.png","C:\Ispol\util\Ayuda\Imagenes\imagen_degradado_ttp.png","Imagenes\imagen_degradado_ttp.png","Imagenes/imagen_degradado_ttp.png"
"imagen_ttp_formato.png","C:\Ispol\util\Ayuda\Imagenes\imagen_ttp_formato.png","Imagenes\imagen_ttp_formato.png","Imagenes/imagen_ttp_formato.png"
"Img001.png","C:\Ispol\util\Ayuda\Imagenes\Img001.png","Imagenes\Img001.png","Imagenes/Img001.png"
"Img002.png","C:\Ispol\util\Ayuda\Imagenes\Img002.png","Imagenes\Img002.png","Imagenes/Img002.png"
"Img005.png","C:\Ispol\util\Ayuda\Imagenes\Img005.png","Imagenes\Img005.png","Imagenes/Img005.png"
"Img006.png","C:\Ispol\util\Ayuda\Imagenes\Img006.png","Imagenes\Img006.png","Imagenes/Img006.png"
"Img007.png","C:\Ispol\util\Ayuda\Imagenes\Img007.png","Imagenes\Img007.png","Imagenes/Img007.png"
"Img008.png","C:\Ispol\util\Ayuda\Imagenes\Img008.png","Imagenes\Img008.png","Imagenes/Img008.png"
"Img009.png","C:\Ispol\util\Ayuda\Imagenes\Img009.png","Imagenes\Img009.png","Imagenes/Img009.png"
"Img010.png","C:\Ispol\util\Ayuda\Imagenes\Img010.png","Imagenes\Img010.png","Imagenes/Img010.png"
"Img011.png","C:\Ispol\util\Ayuda\Imagenes\Img011.png","Imagenes\Img011.png","Imagenes/Img011.png"
"Img012.png","C:\Ispol\util\Ayuda\Imagenes\Img012.png","Imagenes\Img012.png","Imagenes/Img012.png"
"Img013.png","C:\Ispol\util\Ayuda\Imagenes\Img013.png","Imagenes\Img013.png","Imagenes/Img013.png"
"Img014.png","C:\Ispol\util\Ayuda\Imagenes\Img014.png","Imagenes\Img014.png","Imagenes/Img014.png"
"Img015.png","C:\Ispol\util\Ayuda\Imagenes\Img015.png","Imagenes\Img015.png","Imagenes/Img015.png"
"Img016.png","C:\Ispol\util\Ayuda\Imagenes\Img016.png","Imagenes\Img016.png","Imagenes/Img016.png"
"Img017.png","C:\Ispol\util\Ayuda\Imagenes\Img017.png","Imagenes\Img017.png","Imagenes/Img017.png"
"Img018.png","C:\Ispol\util\Ayuda\Imagenes\Img018.png","Imagenes\Img018.png","Imagenes/Img018.png"
"Img019.png","C:\Ispol\util\Ayuda\Imagenes\Img019.png","Imagenes\Img019.png","Imagenes/Img019.png"
"Img020.png","C:\Ispol\util\Ayuda\Imagenes\Img020.png","Imagenes\Img020.png","Imagenes/Img020.png"
"Img021.png","C:\Ispol\util\Ayuda\Imagenes\Img021.png","Imagenes\Img021.png","Imagenes/Img021.png"
"Img022.png","C:\Ispol\util\Ayuda\Imagenes\Img022.png","Imagenes\Img022.png","Imagenes/Img022.png"
"Img023.png","C:\Ispol\util\Ayuda\Imagenes\Img023.png","Imagenes\Img023.png","Imagenes/Img023.png"
"Img024.png","C:\Ispol\util\Ayuda\Imagenes\Img024.png","Imagenes\Img024.png","Imagenes/Img024.png"
"Img025.png","C:\Ispol\util\Ayuda\Imagenes\Img025.png","Imagenes\Img025.png","Imagenes/Img025.png"
"Img026.png","C:\Ispol\util\Ayuda\Imagenes\Img026.png","Imagenes\Img026.png","Imagenes/Img026.png"
"Img027.png","C:\Ispol\util\Ayuda\Imagenes\Img027.png","Imagenes\Img027.png","Imagenes/Img027.png"
"Img028.png","C:\Ispol\util\Ayuda\Imagenes\Img028.png","Imagenes\Img028.png","Imagenes/Img028.png"
"Img029.png","C:\Ispol\util\Ayuda\Imagenes\Img029.png","Imagenes\Img029.png","Imagenes/Img029.png"
"Img030.png","C:\Ispol\util\Ayuda\Imagenes\Img030.png","Imagenes\Img030.png","Imagenes/Img030.png"
"Img031.png","C:\Ispol\util\Ayuda\Imagenes\Img031.png","Imagenes\Img031.png","Imagenes/Img031.png"
"Img032.png","C:\Ispol\util\Ayuda\Imagenes\Img032.png","Imagenes\Img032.png","Imagenes/Img032.png"
"img_acceso_wms.png","C:\Ispol\util\Ayuda\Imagenes\img_acceso_wms.png","Imagenes\img_acceso_wms.png","Imagenes/img_acceso_wms.png"
"img_ajustar.png","C:\Ispol\util\Ayuda\Imagenes\img_ajustar.png","Imagenes\img_ajustar.png","Imagenes/img_ajustar.png"
"img_curvas_nivel.png","C:\Ispol\util\Ayuda\Imagenes\img_curvas_nivel.png","Imagenes\img_curvas_nivel.png","Imagenes/img_curvas_nivel.png"
"img_sombreado_colores_leyenda.png","C:\Ispol\util\Ayuda\Imagenes\img_sombreado_colores_leyenda.png","Imagenes\img_sombreado_colores_leyenda.png","Imagenes/img_sombreado_colores_leyenda.png"
"img_srtm.png","C:\Ispol\util\Ayuda\Imagenes\img_srtm.png","Imagenes\img_srtm.png","Imagenes/img_srtm.png"
"imp_dwg_lineas_dat.png","C:\Ispol\util\Ayuda\Imagenes\imp_dwg_lineas_dat.png","Imagenes\imp_dwg_lineas_dat.png","Imagenes/imp_dwg_lineas_dat.png"
"insertar_ttp.png","C:\Ispol\util\Ayuda\Imagenes\insertar_ttp.png","Imagenes\insertar_ttp.png","Imagenes/insertar_ttp.png"
"laser_binario_color.png","C:\Ispol\util\Ayuda\Imagenes\laser_binario_color.png","Imagenes\laser_binario_color.png","Imagenes/laser_binario_color.png"
"laser_filtrado_pira.png","C:\Ispol\util\Ayuda\Imagenes\laser_filtrado_pira.png","Imagenes\laser_filtrado_pira.png","Imagenes/laser_filtrado_pira.png"
"Logo_pecaso.png","C:\Ispol\util\Ayuda\Imagenes\Logo_pecaso.png","Imagenes\Logo_pecaso.png","Imagenes/Logo_pecaso.png"
"menu_cierres.png","C:\Ispol\util\Ayuda\Imagenes\menu_cierres.png","Imagenes\menu_cierres.png","Imagenes/menu_cierres.png"
"menu_islas.png","C:\Ispol\util\Ayuda\Imagenes\menu_islas.png","Imagenes\menu_islas.png","Imagenes/menu_islas.png"
"menu_topo.png","C:\Ispol\util\Ayuda\Imagenes\menu_topo.png","Imagenes\menu_topo.png","Imagenes/menu_topo.png"
"menu_triangulos.png","C:\Ispol\util\Ayuda\Imagenes\menu_triangulos.png","Imagenes\menu_triangulos.png","Imagenes/menu_triangulos.png"
"modelo_estructuras.png","C:\Ispol\util\Ayuda\Imagenes\modelo_estructuras.png","Imagenes\modelo_estructuras.png","Imagenes/modelo_estructuras.png"
"modelo_L2Dmuro.png","C:\Ispol\util\Ayuda\Imagenes\modelo_L2Dmuro.png","Imagenes\modelo_L2Dmuro.png","Imagenes/modelo_L2Dmuro.png"
"modelo_L2Dtaludmurohmax.png","C:\Ispol\util\Ayuda\Imagenes\modelo_L2Dtaludmurohmax.png","Imagenes\modelo_L2Dtaludmurohmax.png","Imagenes/modelo_L2Dtaludmurohmax.png"
"MS_vec_perfora_dibujar_1.png","C:\Ispol\util\Ayuda\Imagenes\MS_vec_perfora_dibujar_1.png","Imagenes\MS_vec_perfora_dibujar_1.png","Imagenes/MS_vec_perfora_dibujar_1.png"
"muro_desmonte_alto_combobox.png","C:\Ispol\util\Ayuda\Imagenes\muro_desmonte_alto_combobox.png","Imagenes\muro_desmonte_alto_combobox.png","Imagenes/muro_desmonte_alto_combobox.png"
"muro_terrap_prof.png","C:\Ispol\util\Ayuda\Imagenes\muro_terrap_prof.png","Imagenes\muro_terrap_prof.png","Imagenes/muro_terrap_prof.png"
"M_2_3.png","C:\Ispol\util\Ayuda\Imagenes\M_2_3.png","Imagenes\M_2_3.png","Imagenes/M_2_3.png"
"M_2_6a.png","C:\Ispol\util\Ayuda\Imagenes\M_2_6a.png","Imagenes\M_2_6a.png","Imagenes/M_2_6a.png"
"M_2_6b.png","C:\Ispol\util\Ayuda\Imagenes\M_2_6b.png","Imagenes\M_2_6b.png","Imagenes/M_2_6b.png"
"nubes_densas_editar_datos.png","C:\Ispol\util\Ayuda\Imagenes\nubes_densas_editar_datos.png","Imagenes\nubes_densas_editar_datos.png","Imagenes/nubes_densas_editar_datos.png"
"nubes_densas_tiff_cota.png","C:\Ispol\util\Ayuda\Imagenes\nubes_densas_tiff_cota.png","Imagenes\nubes_densas_tiff_cota.png","Imagenes/nubes_densas_tiff_cota.png"
"obra_fabrica_simbolo.png","C:\Ispol\util\Ayuda\Imagenes\obra_fabrica_simbolo.png","Imagenes\obra_fabrica_simbolo.png","Imagenes/obra_fabrica_simbolo.png"
"OL_ficheros_ali_parámetros.png","C:\Ispol\util\Ayuda\Imagenes\OL_ficheros_ali_parámetros.png","Imagenes\OL_ficheros_ali_parámetros.png","Imagenes/OL_ficheros_ali_parámetros.png"
"OL_mat_y_tramos_list_xtramos_resumen.png","C:\Ispol\util\Ayuda\Imagenes\OL_mat_y_tramos_list_xtramos_resumen.png","Imagenes\OL_mat_y_tramos_list_xtramos_resumen.png","Imagenes/OL_mat_y_tramos_list_xtramos_resumen.png"
"OL_mat_y_tramos_xtramos.jpg","C:\Ispol\util\Ayuda\Imagenes\OL_mat_y_tramos_xtramos.jpg","Imagenes\OL_mat_y_tramos_xtramos.jpg","Imagenes/OL_mat_y_tramos_xtramos.jpg"
"ol_ras_sobre_otro eje.png","C:\Ispol\util\Ayuda\Imagenes\ol_ras_sobre_otro eje.png","Imagenes\ol_ras_sobre_otro eje.png","Imagenes/ol_ras_sobre_otro eje.png"
"op_op_te.png","C:\Ispol\util\Ayuda\Imagenes\op_op_te.png","Imagenes\op_op_te.png","Imagenes/op_op_te.png"
"planta_D_B.png","C:\Ispol\util\Ayuda\Imagenes\planta_D_B.png","Imagenes\planta_D_B.png","Imagenes/planta_D_B.png"
"pol_extremo_ptomed.PNG","C:\Ispol\util\Ayuda\Imagenes\pol_extremo_ptomed.PNG","Imagenes\pol_extremo_ptomed.PNG","Imagenes/pol_extremo_ptomed.PNG"
"propiedades_simbolo.png","C:\Ispol\util\Ayuda\Imagenes\propiedades_simbolo.png","Imagenes\propiedades_simbolo.png","Imagenes/propiedades_simbolo.png"
"ptos_paso_añadir.png","C:\Ispol\util\Ayuda\Imagenes\ptos_paso_añadir.png","Imagenes\ptos_paso_añadir.png","Imagenes/ptos_paso_añadir.png"
"puntosde paso_generar.png","C:\Ispol\util\Ayuda\Imagenes\puntosde paso_generar.png","Imagenes\puntosde paso_generar.png","Imagenes/puntosde paso_generar.png"
"replanteo_dibujo.png","C:\Ispol\util\Ayuda\Imagenes\replanteo_dibujo.png","Imagenes\replanteo_dibujo.png","Imagenes/replanteo_dibujo.png"
"replanteo_listado_bases.png","C:\Ispol\util\Ayuda\Imagenes\replanteo_listado_bases.png","Imagenes\replanteo_listado_bases.png","Imagenes/replanteo_listado_bases.png"
"seg_tun_fra_pmt.png","C:\Ispol\util\Ayuda\Imagenes\seg_tun_fra_pmt.png","Imagenes\seg_tun_fra_pmt.png","Imagenes/seg_tun_fra_pmt.png"
"seg_tun_list_gun_gunDes.png","C:\Ispol\util\Ayuda\Imagenes\seg_tun_list_gun_gunDes.png","Imagenes\seg_tun_list_gun_gunDes.png","Imagenes/seg_tun_list_gun_gunDes.png"
"seg_tun_tabla_I.png","C:\Ispol\util\Ayuda\Imagenes\seg_tun_tabla_I.png","Imagenes\seg_tun_tabla_I.png","Imagenes/seg_tun_tabla_I.png"
"topo_colmal.png","C:\Ispol\util\Ayuda\Imagenes\topo_colmal.png","Imagenes\topo_colmal.png","Imagenes/topo_colmal.png"
"topo_cuadro_dialogo.png","C:\Ispol\util\Ayuda\Imagenes\topo_cuadro_dialogo.png","Imagenes\topo_cuadro_dialogo.png","Imagenes/topo_cuadro_dialogo.png"
"topo_isolineas.png","C:\Ispol\util\Ayuda\Imagenes\topo_isolineas.png","Imagenes\topo_isolineas.png","Imagenes/topo_isolineas.png"
"topo_menu_desplegable.png","C:\Ispol\util\Ayuda\Imagenes\topo_menu_desplegable.png","Imagenes\topo_menu_desplegable.png","Imagenes/topo_menu_desplegable.png"
"traduccion_clases_bim.png","C:\Ispol\util\Ayuda\Imagenes\traduccion_clases_bim.png","Imagenes\traduccion_clases_bim.png","Imagenes/traduccion_clases_bim.png"
"trasdos_base.png","C:\Ispol\util\Ayuda\Imagenes\trasdos_base.png","Imagenes\trasdos_base.png","Imagenes/trasdos_base.png"
"trayectorias_dist_eje.png","C:\Ispol\util\Ayuda\Imagenes\trayectorias_dist_eje.png","Imagenes\trayectorias_dist_eje.png","Imagenes/trayectorias_dist_eje.png"
"triang_borrar_long.png","C:\Ispol\util\Ayuda\Imagenes\triang_borrar_long.png","Imagenes\triang_borrar_long.png","Imagenes/triang_borrar_long.png"
"triang_vaciar.png","C:\Ispol\util\Ayuda\Imagenes\triang_vaciar.png","Imagenes\triang_vaciar.png","Imagenes/triang_vaciar.png"
"tuberias_flo.png","C:\Ispol\util\Ayuda\Imagenes\tuberias_flo.png","Imagenes\tuberias_flo.png","Imagenes/tuberias_flo.png"
"tuberias_vectores_zp.png","C:\Ispol\util\Ayuda\Imagenes\tuberias_vectores_zp.png","Imagenes\tuberias_vectores_zp.png","Imagenes/tuberias_vectores_zp.png"
"utiles_topo.png","C:\Ispol\util\Ayuda\Imagenes\utiles_topo.png","Imagenes\utiles_topo.png","Imagenes/utiles_topo.png"
"V3D_almacenar_escenario.png","C:\Ispol\util\Ayuda\Imagenes\V3D_almacenar_escenario.png","Imagenes\V3D_almacenar_escenario.png","Imagenes/V3D_almacenar_escenario.png"
"V3D_caja.png","C:\Ispol\util\Ayuda\Imagenes\V3D_caja.png","Imagenes\V3D_caja.png","Imagenes/V3D_caja.png"
"V3D_camm1.png","C:\Ispol\util\Ayuda\Imagenes\V3D_camm1.png","Imagenes\V3D_camm1.png","Imagenes/V3D_camm1.png"
"V3D_cargar_geometria.png","C:\Ispol\util\Ayuda\Imagenes\V3D_cargar_geometria.png","Imagenes\V3D_cargar_geometria.png","Imagenes/V3D_cargar_geometria.png"
"V3D_carga_especial_escenario.png","C:\Ispol\util\Ayuda\Imagenes\V3D_carga_especial_escenario.png","Imagenes\V3D_carga_especial_escenario.png","Imagenes/V3D_carga_especial_escenario.png"
"V3D_crear_luces_camaras.png","C:\Ispol\util\Ayuda\Imagenes\V3D_crear_luces_camaras.png","Imagenes\V3D_crear_luces_camaras.png","Imagenes/V3D_crear_luces_camaras.png"
"V3D_cuna.png","C:\Ispol\util\Ayuda\Imagenes\V3D_cuna.png","Imagenes\V3D_cuna.png","Imagenes/V3D_cuna.png"
"V3D_EntornoTrabajo_3partes.png","C:\Ispol\util\Ayuda\Imagenes\V3D_EntornoTrabajo_3partes.png","Imagenes\V3D_EntornoTrabajo_3partes.png","Imagenes/V3D_EntornoTrabajo_3partes.png"
"V3D_EntornoTrabajo_acceso.png","C:\Ispol\util\Ayuda\Imagenes\V3D_EntornoTrabajo_acceso.png","Imagenes\V3D_EntornoTrabajo_acceso.png","Imagenes/V3D_EntornoTrabajo_acceso.png"
"V3D_EntornoTrabajo_mover.png","C:\Ispol\util\Ayuda\Imagenes\V3D_EntornoTrabajo_mover.png","Imagenes\V3D_EntornoTrabajo_mover.png","Imagenes/V3D_EntornoTrabajo_mover.png"
"V3D_esfera.png","C:\Ispol\util\Ayuda\Imagenes\V3D_esfera.png","Imagenes\V3D_esfera.png","Imagenes/V3D_esfera.png"
"V3D_extru.png","C:\Ispol\util\Ayuda\Imagenes\V3D_extru.png","Imagenes\V3D_extru.png","Imagenes/V3D_extru.png"
"V3D_guardar_obra_terreno.png","C:\Ispol\util\Ayuda\Imagenes\V3D_guardar_obra_terreno.png","Imagenes\V3D_guardar_obra_terreno.png","Imagenes/V3D_guardar_obra_terreno.png"
"V3D_icono_menu_principal_guardar.png","C:\Ispol\util\Ayuda\Imagenes\V3D_icono_menu_principal_guardar.png","Imagenes\V3D_icono_menu_principal_guardar.png","Imagenes/V3D_icono_menu_principal_guardar.png"
"V3D_icono_menu_utilidades_adaptar.png","C:\Ispol\util\Ayuda\Imagenes\V3D_icono_menu_utilidades_adaptar.png","Imagenes\V3D_icono_menu_utilidades_adaptar.png","Imagenes/V3D_icono_menu_utilidades_adaptar.png"
"V3D_icono_menu_utilidades_libsol.png","C:\Ispol\util\Ayuda\Imagenes\V3D_icono_menu_utilidades_libsol.png","Imagenes\V3D_icono_menu_utilidades_libsol.png","Imagenes/V3D_icono_menu_utilidades_libsol.png"
"V3D_icono_menu_utilidades_multiplicar.png","C:\Ispol\util\Ayuda\Imagenes\V3D_icono_menu_utilidades_multiplicar.png","Imagenes\V3D_icono_menu_utilidades_multiplicar.png","Imagenes/V3D_icono_menu_utilidades_multiplicar.png"
"V3D_icono_menu_utilidades_subdividir_.png","C:\Ispol\util\Ayuda\Imagenes\V3D_icono_menu_utilidades_subdividir_.png","Imagenes\V3D_icono_menu_utilidades_subdividir_.png","Imagenes/V3D_icono_menu_utilidades_subdividir_.png"
"V3D_icono_menu_utilidades_trocear.png","C:\Ispol\util\Ayuda\Imagenes\V3D_icono_menu_utilidades_trocear.png","Imagenes\V3D_icono_menu_utilidades_trocear.png","Imagenes/V3D_icono_menu_utilidades_trocear.png"
"V3D_imp.png","C:\Ispol\util\Ayuda\Imagenes\V3D_imp.png","Imagenes\V3D_imp.png","Imagenes/V3D_imp.png"
"V3D_impu.png","C:\Ispol\util\Ayuda\Imagenes\V3D_impu.png","Imagenes\V3D_impu.png","Imagenes/V3D_impu.png"
"V3D_Introduccion_vista_1.png","C:\Ispol\util\Ayuda\Imagenes\V3D_Introduccion_vista_1.png","Imagenes\V3D_Introduccion_vista_1.png","Imagenes/V3D_Introduccion_vista_1.png"
"V3D_libsol.png","C:\Ispol\util\Ayuda\Imagenes\V3D_libsol.png","Imagenes\V3D_libsol.png","Imagenes/V3D_libsol.png"
"V3D_libsol2.png","C:\Ispol\util\Ayuda\Imagenes\V3D_libsol2.png","Imagenes\V3D_libsol2.png","Imagenes/V3D_libsol2.png"
"V3D_linea.png","C:\Ispol\util\Ayuda\Imagenes\V3D_linea.png","Imagenes\V3D_linea.png","Imagenes/V3D_linea.png"
"V3D_luzm1.png","C:\Ispol\util\Ayuda\Imagenes\V3D_luzm1.png","Imagenes\V3D_luzm1.png","Imagenes/V3D_luzm1.png"
"V3D_luzm2.png","C:\Ispol\util\Ayuda\Imagenes\V3D_luzm2.png","Imagenes\V3D_luzm2.png","Imagenes/V3D_luzm2.png"
"V3D_luzm3.png","C:\Ispol\util\Ayuda\Imagenes\V3D_luzm3.png","Imagenes\V3D_luzm3.png","Imagenes/V3D_luzm3.png"
"V3D_menu_animacion.png","C:\Ispol\util\Ayuda\Imagenes\V3D_menu_animacion.png","Imagenes\V3D_menu_animacion.png","Imagenes/V3D_menu_animacion.png"
"V3D_menu_crear.png","C:\Ispol\util\Ayuda\Imagenes\V3D_menu_crear.png","Imagenes\V3D_menu_crear.png","Imagenes/V3D_menu_crear.png"
"V3D_menu_escenario.png","C:\Ispol\util\Ayuda\Imagenes\V3D_menu_escenario.png","Imagenes\V3D_menu_escenario.png","Imagenes/V3D_menu_escenario.png"
"V3D_menu_herramientas.png","C:\Ispol\util\Ayuda\Imagenes\V3D_menu_herramientas.png","Imagenes\V3D_menu_herramientas.png","Imagenes/V3D_menu_herramientas.png"
"V3D_menu_herramientas2.png","C:\Ispol\util\Ayuda\Imagenes\V3D_menu_herramientas2.png","Imagenes\V3D_menu_herramientas2.png","Imagenes/V3D_menu_herramientas2.png"
"V3D_menu_herramientas_1.png","C:\Ispol\util\Ayuda\Imagenes\V3D_menu_herramientas_1.png","Imagenes\V3D_menu_herramientas_1.png","Imagenes/V3D_menu_herramientas_1.png"
"V3D_menu_herramientas_2.png","C:\Ispol\util\Ayuda\Imagenes\V3D_menu_herramientas_2.png","Imagenes\V3D_menu_herramientas_2.png","Imagenes/V3D_menu_herramientas_2.png"
"V3D_menu_herramientas_configuracion_entorno_ambiente.png","C:\Ispol\util\Ayuda\Imagenes\V3D_menu_herramientas_configuracion_entorno_ambiente.png","Imagenes\V3D_menu_herramientas_configuracion_entorno_ambiente.png","Imagenes/V3D_menu_herramientas_configuracion_entorno_ambiente.png"
"V3D_menu_herramientas_configuracion_entorno_fondo.png","C:\Ispol\util\Ayuda\Imagenes\V3D_menu_herramientas_configuracion_entorno_fondo.png","Imagenes\V3D_menu_herramientas_configuracion_entorno_fondo.png","Imagenes/V3D_menu_herramientas_configuracion_entorno_fondo.png"
"V3D_menu_herramientas_configuracion_obra.png","C:\Ispol\util\Ayuda\Imagenes\V3D_menu_herramientas_configuracion_obra.png","Imagenes\V3D_menu_herramientas_configuracion_obra.png","Imagenes/V3D_menu_herramientas_configuracion_obra.png"
"V3D_menu_herramientas_configuracion_sistemagrafico.png","C:\Ispol\util\Ayuda\Imagenes\V3D_menu_herramientas_configuracion_sistemagrafico.png","Imagenes\V3D_menu_herramientas_configuracion_sistemagrafico.png","Imagenes/V3D_menu_herramientas_configuracion_sistemagrafico.png"
"V3D_menu_herramientas_importar.png","C:\Ispol\util\Ayuda\Imagenes\V3D_menu_herramientas_importar.png","Imagenes\V3D_menu_herramientas_importar.png","Imagenes/V3D_menu_herramientas_importar.png"
"V3D_menu_herramientas_utilidades.png","C:\Ispol\util\Ayuda\Imagenes\V3D_menu_herramientas_utilidades.png","Imagenes\V3D_menu_herramientas_utilidades.png","Imagenes/V3D_menu_herramientas_utilidades.png"
"V3D_menu_material7.png","C:\Ispol\util\Ayuda\Imagenes\V3D_menu_material7.png","Imagenes\V3D_menu_material7.png","Imagenes/V3D_menu_material7.png"
"V3D_menu_material_ortofoto.png","C:\Ispol\util\Ayuda\Imagenes\V3D_menu_material_ortofoto.png","Imagenes\V3D_menu_material_ortofoto.png","Imagenes/V3D_menu_material_ortofoto.png"
"V3D_menu_principal.png","C:\Ispol\util\Ayuda\Imagenes\V3D_menu_principal.png","Imagenes\V3D_menu_principal.png","Imagenes/V3D_menu_principal.png"
"V3D_menu_principal_salir.png","C:\Ispol\util\Ayuda\Imagenes\V3D_menu_principal_salir.png","Imagenes\V3D_menu_principal_salir.png","Imagenes/V3D_menu_principal_salir.png"
"V3D_menu_prop_camara.png","C:\Ispol\util\Ayuda\Imagenes\V3D_menu_prop_camara.png","Imagenes\V3D_menu_prop_camara.png","Imagenes/V3D_menu_prop_camara.png"
"V3D_menu_utilidades_adaptar.png","C:\Ispol\util\Ayuda\Imagenes\V3D_menu_utilidades_adaptar.png","Imagenes\V3D_menu_utilidades_adaptar.png","Imagenes/V3D_menu_utilidades_adaptar.png"
"V3D_menu_utilidades_adaptar_icono.png","C:\Ispol\util\Ayuda\Imagenes\V3D_menu_utilidades_adaptar_icono.png","Imagenes\V3D_menu_utilidades_adaptar_icono.png","Imagenes/V3D_menu_utilidades_adaptar_icono.png"
"V3D_menu_utilidades_libsol.png","C:\Ispol\util\Ayuda\Imagenes\V3D_menu_utilidades_libsol.png","Imagenes\V3D_menu_utilidades_libsol.png","Imagenes/V3D_menu_utilidades_libsol.png"
"V3D_menu_utilidades_multiplicar.png","C:\Ispol\util\Ayuda\Imagenes\V3D_menu_utilidades_multiplicar.png","Imagenes\V3D_menu_utilidades_multiplicar.png","Imagenes/V3D_menu_utilidades_multiplicar.png"
"V3D_menu_utilidades_multiplicar_icono.png","C:\Ispol\util\Ayuda\Imagenes\V3D_menu_utilidades_multiplicar_icono.png","Imagenes\V3D_menu_utilidades_multiplicar_icono.png","Imagenes/V3D_menu_utilidades_multiplicar_icono.png"
"V3D_menu_utilidades_subdividir.png","C:\Ispol\util\Ayuda\Imagenes\V3D_menu_utilidades_subdividir.png","Imagenes\V3D_menu_utilidades_subdividir.png","Imagenes/V3D_menu_utilidades_subdividir.png"
"V3D_menu_utilidades_subdividir_icono.png","C:\Ispol\util\Ayuda\Imagenes\V3D_menu_utilidades_subdividir_icono.png","Imagenes\V3D_menu_utilidades_subdividir_icono.png","Imagenes/V3D_menu_utilidades_subdividir_icono.png"
"V3D_menu_utilidades_trocear.png","C:\Ispol\util\Ayuda\Imagenes\V3D_menu_utilidades_trocear.png","Imagenes\V3D_menu_utilidades_trocear.png","Imagenes/V3D_menu_utilidades_trocear.png"
"V3D_menu_utilidades_trocear_icono.png","C:\Ispol\util\Ayuda\Imagenes\V3D_menu_utilidades_trocear_icono.png","Imagenes\V3D_menu_utilidades_trocear_icono.png","Imagenes/V3D_menu_utilidades_trocear_icono.png"
"V3D_nodo_escenario.png","C:\Ispol\util\Ayuda\Imagenes\V3D_nodo_escenario.png","Imagenes\V3D_nodo_escenario.png","Imagenes/V3D_nodo_escenario.png"
"V3D_o3d.png","C:\Ispol\util\Ayuda\Imagenes\V3D_o3d.png","Imagenes\V3D_o3d.png","Imagenes/V3D_o3d.png"
"V3D_orto_archivo.png","C:\Ispol\util\Ayuda\Imagenes\V3D_orto_archivo.png","Imagenes\V3D_orto_archivo.png","Imagenes/V3D_orto_archivo.png"
"V3D_orto_carpeta.png","C:\Ispol\util\Ayuda\Imagenes\V3D_orto_carpeta.png","Imagenes\V3D_orto_carpeta.png","Imagenes/V3D_orto_carpeta.png"
"V3D_smdt.png","C:\Ispol\util\Ayuda\Imagenes\V3D_smdt.png","Imagenes\V3D_smdt.png","Imagenes/V3D_smdt.png"
"V3D_textura_cota.png","C:\Ispol\util\Ayuda\Imagenes\V3D_textura_cota.png","Imagenes\V3D_textura_cota.png","Imagenes/V3D_textura_cota.png"
"V3D_tren.png","C:\Ispol\util\Ayuda\Imagenes\V3D_tren.png","Imagenes\V3D_tren.png","Imagenes/V3D_tren.png"
"V3D_tria.png","C:\Ispol\util\Ayuda\Imagenes\V3D_tria.png","Imagenes\V3D_tria.png","Imagenes/V3D_tria.png"
"V3D_trim.png","C:\Ispol\util\Ayuda\Imagenes\V3D_trim.png","Imagenes\V3D_trim.png","Imagenes/V3D_trim.png"
"V3D_tubo.png","C:\Ispol\util\Ayuda\Imagenes\V3D_tubo.png","Imagenes\V3D_tubo.png","Imagenes/V3D_tubo.png"
"V3D_utilidades_adaptar.png","C:\Ispol\util\Ayuda\Imagenes\V3D_utilidades_adaptar.png","Imagenes\V3D_utilidades_adaptar.png","Imagenes/V3D_utilidades_adaptar.png"
"V3D_visualizacion_contextual_camaras.png","C:\Ispol\util\Ayuda\Imagenes\V3D_visualizacion_contextual_camaras.png","Imagenes\V3D_visualizacion_contextual_camaras.png","Imagenes/V3D_visualizacion_contextual_camaras.png"
"V3D_visualizacion_contextual_edicion.png","C:\Ispol\util\Ayuda\Imagenes\V3D_visualizacion_contextual_edicion.png","Imagenes\V3D_visualizacion_contextual_edicion.png","Imagenes/V3D_visualizacion_contextual_edicion.png"
"V3D_visualizacion_contextual_medidas.png","C:\Ispol\util\Ayuda\Imagenes\V3D_visualizacion_contextual_medidas.png","Imagenes\V3D_visualizacion_contextual_medidas.png","Imagenes/V3D_visualizacion_contextual_medidas.png"
"V3D_visualizacion_contextual_vista.png","C:\Ispol\util\Ayuda\Imagenes\V3D_visualizacion_contextual_vista.png","Imagenes\V3D_visualizacion_contextual_vista.png","Imagenes/V3D_visualizacion_contextual_vista.png"
"vegetal_en_mediana.png","C:\Ispol\util\Ayuda\Imagenes\vegetal_en_mediana.png","Imagenes\vegetal_en_mediana.png","Imagenes/vegetal_en_mediana.png"
"virtual3d_libsol.png","C:\Ispol\util\Ayuda\Imagenes\virtual3d_libsol.png","Imagenes\virtual3d_libsol.png","Imagenes/virtual3d_libsol.png"
"visib_openGL_1.png","C:\Ispol\util\Ayuda\Imagenes\visib_openGL_1.png","Imagenes\visib_openGL_1.png","Imagenes/visib_openGL_1.png"
"visib_openGL_2.png","C:\Ispol\util\Ayuda\Imagenes\visib_openGL_2.png","Imagenes\visib_openGL_2.png","Imagenes/visib_openGL_2.png"
"Visualizar.png","C:\Ispol\util\Ayuda\Imagenes\Visualizar.png","Imagenes\Visualizar.png","Imagenes/Visualizar.png"
"Volcar_barreno_línea_cartográfica.png","C:\Ispol\util\Ayuda\Imagenes\Volcar_barreno_línea_cartográfica.png","Imagenes\Volcar_barreno_línea_cartográfica.png","Imagenes/Volcar_barreno_línea_cartográfica.png"
"Youtube.png","C:\Ispol\util\Ayuda\Imagenes\Youtube.png","Imagenes\Youtube.png","Imagenes/Youtube.png"
"zapata_tierra_armada_T.png","C:\Ispol\util\Ayuda\Imagenes\zapata_tierra_armada_T.png","Imagenes\zapata_tierra_armada_T.png","Imagenes/zapata_tierra_armada_T.png"
